{
    "NUM_PAR": 32,
    "PARTICULAS_LADO": 2,
    "LONGITUD": 20,
    "DESVIACION": 0.01,
    "RADIO_CORTE": 10,
    "MASA": 1,
    "UND_MASA": 1,
    "UND_ENERGIA": 1.6532400000000001e-21,
    "UND_LONGITUD": 2.405e-10,
    "UND_TIEMPO": 5.914896211548428,
    "UND_FUERZA": 6.874178794178795e-12,
    "UND_TEMPERATURA": 119.80000000000003
}